Entity,Code,Year,Annual COâ‚‚ emissions
Africa,,1884,21984
Africa,,1885,36640
Africa,,1886,47632
Africa,,1887,47632
Africa,,1888,80608
Africa,,1889,131904
Africa,,1890,296784
Africa,,1891,296784
Africa,,1892,479984
Africa,,1893,1799024
Africa,,1894,2432896
Africa,,1895,3337904
Africa,,1896,4257568
Africa,,1897,4777856
Africa,,1898,6049264
Africa,,1899,5517984
Africa,,1900,2330304
Africa,,1901,3909488
Africa,,1902,5825760
Africa,,1903,7895920
Africa,,1904,8910848
Africa,,1905,10262864
Africa,,1906,11717472
Africa,,1907,12930256
Africa,,1908,13402912
Africa,,1909,15385136
Africa,,1910,17411328
Africa,,1911,16865392
Africa,,1912,17953600
Africa,,1913,19606064
Africa,,1914,19551104
Africa,,1915,19606064
Africa,,1916,23255408
Africa,,1917,25343888
Africa,,1918,24724672
Africa,,1919,25442816
Africa,,1920,28051584
Africa,,1921,27985632
Africa,,1922,23969888
Africa,,1923,29044528
Africa,,1924,30631040
Africa,,1925,32184576
Africa,,1926,34437936
Africa,,1927,33840704
Africa,,1928,34770320
Africa,,1929,35801616
Africa,,1930,33695670
Africa,,1931,29463712
Africa,,1932,26622752
Africa,,1933,28491132
Africa,,1934,32539280
Africa,,1935,35909544
Africa,,1936,39015950
Africa,,1937,41844264
Africa,,1938,44013164
Africa,,1939,46852930
Africa,,1940,49649184
Africa,,1941,54023456
Africa,,1942,58822884
Africa,,1943,60119628
Africa,,1944,66632910
Africa,,1945,67527180
Africa,,1946,68159370
Africa,,1947,67934744
Africa,,1948,71733140
Africa,,1949,77323530
Africa,,1950,94868000
Africa,,1951,101125270
Africa,,1952,110325210
Africa,,1953,112007010
Africa,,1954,117536136
Africa,,1955,129402500
Africa,,1956,135106260
Africa,,1957,141593120
Africa,,1958,148670930
Africa,,1959,147841250
Africa,,1960,156567200
Africa,,1961,161994340
Africa,,1962,166334910
Africa,,1963,176334880
Africa,,1964,193639340
Africa,,1965,213634400
Africa,,1966,221082100
Africa,,1967,237045200
Africa,,1968,257271420
Africa,,1969,277716580
Africa,,1970,302405900
Africa,,1971,331612900
Africa,,1972,351688000
Africa,,1973,377821120
Africa,,1974,388183260
Africa,,1975,387017150
Africa,,1976,419914700
Africa,,1977,432918820
Africa,,1978,462338660
Africa,,1979,498986780
Africa,,1980,536023460
Africa,,1981,548882300
Africa,,1982,571969100
Africa,,1983,594811400
Africa,,1984,649591230
Africa,,1985,666141950
Africa,,1986,690176300
Africa,,1987,690283140
Africa,,1988,725373250
Africa,,1989,698582900
Africa,,1990,658343900
Africa,,1991,687670400
Africa,,1992,666660030
Africa,,1993,706441700
Africa,,1994,790233800
Africa,,1995,844549400
Africa,,1996,872284300
Africa,,1997,893938400
Africa,,1998,912482100
Africa,,1999,899879040
Africa,,2000,930850800
Africa,,2001,920601800
Africa,,2002,899995840
Africa,,2003,989644600
Africa,,2004,1045725800
Africa,,2005,1059372350
Africa,,2006,1091175800
Africa,,2007,1116900100
Africa,,2008,1174755200
Africa,,2009,1168250400
Africa,,2010,1216669000
Africa,,2011,1257421000
Africa,,2012,1268948200
Africa,,2013,1282541800
Africa,,2014,1357348700
Africa,,2015,1332661800
Africa,,2016,1375131500
Africa,,2017,1393216400
Africa,,2018,1386654300
Africa,,2019,1479411800
Africa,,2020,1355782400
Africa,,2021,1441534000
Africa,,2022,1432502900
Africa,,2023,1418739200
Antarctica,ATA,1987,3664
Antarctica,ATA,1988,7328
Antarctica,ATA,1989,7328
Antarctica,ATA,1990,10992
Antarctica,ATA,1991,14656
Antarctica,ATA,1992,14656
Antarctica,ATA,1993,14656
Antarctica,ATA,1994,14656
Antarctica,ATA,1995,3664
Antarctica,ATA,1996,3664
Antarctica,ATA,1997,3664
Antarctica,ATA,1998,3664
Antarctica,ATA,1999,3664
Antarctica,ATA,2000,3664
Antarctica,ATA,2001,3664
Antarctica,ATA,2002,3664
Antarctica,ATA,2003,3664
Antarctica,ATA,2004,7328
Antarctica,ATA,2005,7328
Antarctica,ATA,2006,7328
Antarctica,ATA,2007,10992
Antarctica,ATA,2008,0
Antarctica,ATA,2009,0
Antarctica,ATA,2010,0
Antarctica,ATA,2011,0
Antarctica,ATA,2012,0
Antarctica,ATA,2013,0
Antarctica,ATA,2014,0
Antarctica,ATA,2015,0
Antarctica,ATA,2016,0
Antarctica,ATA,2017,0
Antarctica,ATA,2018,0
Antarctica,ATA,2019,0
Antarctica,ATA,2020,0
Antarctica,ATA,2021,0
Antarctica,ATA,2022,0
Antarctica,ATA,2023,0
Asia,,1750,0
Asia,,1751,0
Asia,,1752,0
Asia,,1753,0
Asia,,1754,0
Asia,,1755,0
Asia,,1756,0
Asia,,1757,0
Asia,,1758,0
Asia,,1759,0
Asia,,1760,0
Asia,,1761,0
Asia,,1762,0
Asia,,1763,0
Asia,,1764,0
Asia,,1765,0
Asia,,1766,0
Asia,,1767,0
Asia,,1768,0
Asia,,1769,0
Asia,,1770,0
Asia,,1771,0
Asia,,1772,0
Asia,,1773,0
Asia,,1774,0
Asia,,1775,0
Asia,,1776,0
Asia,,1777,0
Asia,,1778,0
Asia,,1779,0
Asia,,1780,0
Asia,,1781,0
Asia,,1782,0
Asia,,1783,0
Asia,,1784,0
Asia,,1785,0
Asia,,1786,0
Asia,,1787,0
Asia,,1788,0
Asia,,1789,0
Asia,,1790,0
Asia,,1791,0
Asia,,1792,0
Asia,,1793,0
Asia,,1794,0
Asia,,1795,0
Asia,,1796,0
Asia,,1797,0
Asia,,1798,0
Asia,,1799,0
Asia,,1800,0
Asia,,1801,0
Asia,,1802,0
Asia,,1803,0
Asia,,1804,0
Asia,,1805,0
Asia,,1806,0
Asia,,1807,0
Asia,,1808,0
Asia,,1809,0
Asia,,1810,0
Asia,,1811,0
Asia,,1812,0
Asia,,1813,0
Asia,,1814,0
Asia,,1815,0
Asia,,1816,0
Asia,,1817,0
Asia,,1818,0
Asia,,1819,0
Asia,,1820,0
Asia,,1821,0
Asia,,1822,0
Asia,,1823,0
Asia,,1824,0
Asia,,1825,0
Asia,,1826,0
Asia,,1827,0
Asia,,1828,0
Asia,,1829,0
Asia,,1830,2370
Asia,,1831,2845
Asia,,1832,1895
Asia,,1833,2370
Asia,,1834,0
Asia,,1835,0
Asia,,1836,0
Asia,,1837,0
Asia,,1838,0
Asia,,1839,0
Asia,,1840,0
Asia,,1841,0
Asia,,1842,0
Asia,,1843,0
Asia,,1844,0
Asia,,1845,0
Asia,,1846,0
Asia,,1847,0
Asia,,1848,0
Asia,,1849,0
Asia,,1850,14699
Asia,,1851,0
Asia,,1852,0
Asia,,1853,0
Asia,,1854,0
Asia,,1855,44575
Asia,,1856,0
Asia,,1857,0
Asia,,1858,457082
Asia,,1859,702872
Asia,,1860,730841
Asia,,1861,608690
Asia,,1862,650824
Asia,,1863,715237
Asia,,1864,694889
Asia,,1865,829952
Asia,,1866,1205242
Asia,,1867,636398
Asia,,1868,527337
Asia,,1869,747657
Asia,,1870,677097
Asia,,1871,900179
Asia,,1872,973161
Asia,,1873,930481
Asia,,1874,1634152
Asia,,1875,2702626
Asia,,1876,2809069
Asia,,1877,2890927
Asia,,1878,5459066
Asia,,1879,5672379
Asia,,1880,6190323
Asia,,1881,6349537
Asia,,1882,6878066
Asia,,1883,7606214
Asia,,1884,8190555
Asia,,1885,8538009
Asia,,1886,9113490
Asia,,1887,10537001
Asia,,1888,11717232
Asia,,1889,13782792
Asia,,1890,15086936
Asia,,1891,17204016
Asia,,1892,18275370
Asia,,1893,20414724
Asia,,1894,22749666
Asia,,1895,26306194
Asia,,1896,28032088
Asia,,1897,30489536
Asia,,1898,36491344
Asia,,1899,38650564
Asia,,1900,44004668
Asia,,1901,50365308
Asia,,1902,52407532
Asia,,1903,55063148
Asia,,1904,61908250
Asia,,1905,63003836
Asia,,1906,70282830
Asia,,1907,97198060
Asia,,1908,105986400
Asia,,1909,109206060
Asia,,1910,110777704
Asia,,1911,117758850
Asia,,1912,119773144
Asia,,1913,137361550
Asia,,1914,142871550
Asia,,1915,136656130
Asia,,1916,149897970
Asia,,1917,161992460
Asia,,1918,166876900
Asia,,1919,183559760
Asia,,1920,175429500
Asia,,1921,171797890
Asia,,1922,181279360
Asia,,1923,199211040
Asia,,1924,213281340
Asia,,1925,215446220
Asia,,1926,218816240
Asia,,1927,236800420
Asia,,1928,248403790
Asia,,1929,258355620
Asia,,1930,257933730
Asia,,1931,248689840
Asia,,1932,248778500
Asia,,1933,273077020
Asia,,1934,309624480
Asia,,1935,337280480
Asia,,1936,364164480
Asia,,1937,385502000
Asia,,1938,394735500
Asia,,1939,418853860
Asia,,1940,471808420
Asia,,1941,478394370
Asia,,1942,447400400
Asia,,1943,440111170
Asia,,1944,440569860
Asia,,1945,328107140
Asia,,1946,315629200
Asia,,1947,380405340
Asia,,1948,383992130
Asia,,1949,382658050
Asia,,1950,400618560
Asia,,1951,455001020
Asia,,1952,504672480
Asia,,1953,540334000
Asia,,1954,592126340
Asia,,1955,674884500
Asia,,1956,749397760
Asia,,1957,843674400
Asia,,1958,1138101000
Asia,,1959,1373834600
Asia,,1960,1538648800
Asia,,1961,1393511300
Asia,,1962,1342609400
Asia,,1963,1423141200
Asia,,1964,1507418200
Asia,,1965,1649873200
Asia,,1966,1797063400
Asia,,1967,1825098400
Asia,,1968,2015995900
Asia,,1969,2289411600
Asia,,1970,2697750500
Asia,,1971,2953393200
Asia,,1972,3129125400
Asia,,1973,3351564000
Asia,,1974,3411198700
Asia,,1975,3577896700
Asia,,1976,3803974700
Asia,,1977,4048552200
Asia,,1978,4230988500
Asia,,1979,4405182000
Asia,,1980,4399586300
Asia,,1981,4373089000
Asia,,1982,4522608000
Asia,,1983,4704944600
Asia,,1984,4979161600
Asia,,1985,5269918000
Asia,,1986,5495256600
Asia,,1987,5730537000
Asia,,1988,6189667000
Asia,,1989,6405748700
Asia,,1990,6584307700
Asia,,1991,7361137700
Asia,,1992,7209855500
Asia,,1993,7540910600
Asia,,1994,7895757000
Asia,,1995,8265562000
Asia,,1996,8605014000
Asia,,1997,8723257000
Asia,,1998,8481060000
Asia,,1999,8971640000
Asia,,2000,9336837000
Asia,,2001,9521610000
Asia,,2002,10040596000
Asia,,2003,11046249000
Asia,,2004,11699783000
Asia,,2005,12552623000
Asia,,2006,13404329000
Asia,,2007,14136139000
Asia,,2008,14858406000
Asia,,2009,15394145000
Asia,,2010,16554266000
Asia,,2011,17787420000
Asia,,2012,18455440000
Asia,,2013,18692012000
Asia,,2014,18940043000
Asia,,2015,19047487000
Asia,,2016,19192705000
Asia,,2017,19737522000
Asia,,2018,20335524000
Asia,,2019,20889145000
Asia,,2020,20634851000
Asia,,2021,21640397000
Asia,,2022,21815757000
Asia,,2023,22600220000
Europe,,1750,9305937
Europe,,1751,9407229
Europe,,1752,9505168
Europe,,1753,9610490
Europe,,1754,9733580
Europe,,1755,9793468
Europe,,1756,9909914
Europe,,1757,10093936
Europe,,1758,10216358
Europe,,1759,10338854
Europe,,1760,10514331
Europe,,1761,10747885
Europe,,1762,10952198
Europe,,1763,11191592
Europe,,1764,11396982
Europe,,1765,11643486
Europe,,1766,11876080
Europe,,1767,12152509
Europe,,1768,12466936
Europe,,1769,12780074
Europe,,1770,13097216
Europe,,1771,13369488
Europe,,1772,13623507
Europe,,1773,13808138
Europe,,1774,14012415
Europe,,1775,14338920
Europe,,1776,14654124
Europe,,1777,14959537
Europe,,1778,15243483
Europe,,1779,15535235
Europe,,1780,15878726
Europe,,1781,16234383
Europe,,1782,16580954
Europe,,1783,17062752
Europe,,1784,17471092
Europe,,1785,17961464
Europe,,1786,18443832
Europe,,1787,18855466
Europe,,1788,19282564
Europe,,1789,19859760
Europe,,1790,20394430
Europe,,1791,20928086
Europe,,1792,21925550
Europe,,1793,22293598
Europe,,1794,22515992
Europe,,1795,22311582
Europe,,1796,22117712
Europe,,1797,22086414
Europe,,1798,23102266
Europe,,1799,27481544
Europe,,1800,32541872
Europe,,1801,31714914
Europe,,1802,40017350
Europe,,1803,29238058
Europe,,1804,31432090
Europe,,1805,30907166
Europe,,1806,32366874
Europe,,1807,35818970
Europe,,1808,35101290
Europe,,1809,35925850
Europe,,1810,39069692
Europe,,1811,39723810
Europe,,1812,40325010
Europe,,1813,40679356
Europe,,1814,41658940
Europe,,1815,42979950
Europe,,1816,44827450
Europe,,1817,48552070
Europe,,1818,50606024
Europe,,1819,50160850
Europe,,1820,49931828
Europe,,1821,51224476
Europe,,1822,53149412
Europe,,1823,55448036
Europe,,1824,56560324
Europe,,1825,59588492
Europe,,1826,60056732
Europe,,1827,64281724
Europe,,1828,65080500
Europe,,1829,64502350
Europe,,1830,86888240
Europe,,1831,80978616
Europe,,1832,79052150
Europe,,1833,79703760
Europe,,1834,85364220
Europe,,1835,93060240
Europe,,1836,102140710
Europe,,1837,100864980
Europe,,1838,100783830
Europe,,1839,104097896
Europe,,1840,112883860
Europe,,1841,115892920
Europe,,1842,122404710
Europe,,1843,124561020
Europe,,1844,132595670
Europe,,1845,143794050
Europe,,1846,144858750
Europe,,1847,155573810
Europe,,1848,156683300
Europe,,1849,166586960
Europe,,1850,176775170
Europe,,1851,173859040
Europe,,1852,180432720
Europe,,1853,186703490
Europe,,1854,221565870
Europe,,1855,221537920
Europe,,1856,236781490
Europe,,1857,238329620
Europe,,1858,241521500
Europe,,1859,254665120
Europe,,1860,281813120
Europe,,1861,300479460
Europe,,1862,305041060
Europe,,1863,321231200
Europe,,1864,346628220
Europe,,1865,371215230
Europe,,1866,383594000
Europe,,1867,401824700
Europe,,1868,406195000
Europe,,1869,425360900
Europe,,1870,431414750
Europe,,1871,459748900
Europe,,1872,496539420
Europe,,1873,522504900
Europe,,1874,484553020
Europe,,1875,534644960
Europe,,1876,547135360
Europe,,1877,545943300
Europe,,1878,551759200
Europe,,1879,569581900
Europe,,1880,640736400
Europe,,1881,657768800
Europe,,1882,680193150
Europe,,1883,718760450
Europe,,1884,714138050
Europe,,1885,716652700
Europe,,1886,715979500
Europe,,1887,743279000
Europe,,1888,787498500
Europe,,1889,824550140
Europe,,1890,862563840
Europe,,1891,893001500
Europe,,1892,879310100
Europe,,1893,854866800
Europe,,1894,927904260
Europe,,1895,952611840
Europe,,1896,996149060
Europe,,1897,1045647600
Europe,,1898,1079147100
Europe,,1899,1149493500
Europe,,1900,1205734000
Europe,,1901,1195204400
Europe,,1902,1196066200
Europe,,1903,1245147100
Europe,,1904,1268412900
Europe,,1905,1305671700
Europe,,1906,1347405000
Europe,,1907,1492816000
Europe,,1908,1517229800
Europe,,1909,1518841000
Europe,,1910,1538619800
Europe,,1911,1574117100
Europe,,1912,1632506000
Europe,,1913,1767380000
Europe,,1914,1573940500
Europe,,1915,1492841200
Europe,,1916,1561158800
Europe,,1917,1533399000
Europe,,1918,1394106900
Europe,,1919,1183806200
Europe,,1920,1383433600
Europe,,1921,1265542100
Europe,,1922,1409304800
Europe,,1923,1346907100
Europe,,1924,1553819600
Europe,,1925,1538175900
Europe,,1926,1323182100
Europe,,1927,1684875500
Europe,,1928,1693702000
Europe,,1929,1837925900
Europe,,1930,1741107500
Europe,,1931,1625540100
Europe,,1932,1511760500
Europe,,1933,1557573100
Europe,,1934,1704563000
Europe,,1935,1789292800
Europe,,1936,1899694800
Europe,,1937,2060628400
Europe,,1938,2070288100
Europe,,1939,2116494200
Europe,,1940,2253769500
Europe,,1941,2173907500
Europe,,1942,2021175600
Europe,,1943,2039081700
Europe,,1944,1937804200
Europe,,1945,1269697000
Europe,,1946,1685868400
Europe,,1947,1932378600
Europe,,1948,2084842500
Europe,,1949,2266130000
Europe,,1950,2383327700
Europe,,1951,2630209500
Europe,,1952,2713979000
Europe,,1953,2791516200
Europe,,1954,2970040300
Europe,,1955,3233699800
Europe,,1956,3445256200
Europe,,1957,3593218300
Europe,,1958,3631700000
Europe,,1959,3713172000
Europe,,1960,3964940800
Europe,,1961,4109838800
Europe,,1962,4336908000
Europe,,1963,4609900500
Europe,,1964,4839824400
Europe,,1965,4982210600
Europe,,1966,5153738000
Europe,,1967,5267683000
Europe,,1968,5513143300
Europe,,1969,5813301000
Europe,,1970,6095201300
Europe,,1971,6324005000
Europe,,1972,6552929000
Europe,,1973,6845589500
Europe,,1974,6863869400
Europe,,1975,6903233000
Europe,,1976,7277801000
Europe,,1977,7334161400
Europe,,1978,7566619600
Europe,,1979,7746167300
Europe,,1980,7750178300
Europe,,1981,7468538400
Europe,,1982,7408562000
Europe,,1983,7415053000
Europe,,1984,7466038000
Europe,,1985,7791125000
Europe,,1986,7805436400
Europe,,1987,7825856000
Europe,,1988,7868776000
Europe,,1989,7833485000
Europe,,1990,8038270000
Europe,,1991,7738573000
Europe,,1992,7096633000
Europe,,1993,6806002700
Europe,,1994,6446057500
Europe,,1995,6423223300
Europe,,1996,6471548400
Europe,,1997,6266118000
Europe,,1998,6239436000
Europe,,1999,6156371000
Europe,,2000,6154300000
Europe,,2001,6280917000
Europe,,2002,6248751000
Europe,,2003,6389753300
Europe,,2004,6419040000
Europe,,2005,6422171600
Europe,,2006,6529996000
Europe,,2007,6473897500
Europe,,2008,6406544000
Europe,,2009,5892903000
Europe,,2010,6116593700
Europe,,2011,6045117000
Europe,,2012,5998561000
Europe,,2013,5841422300
Europe,,2014,5611030000
Europe,,2015,5616481300
Europe,,2016,5602061300
Europe,,2017,5635927000
Europe,,2018,5617016000
Europe,,2019,5436906000
Europe,,2020,5026315300
Europe,,2021,5304039400
Europe,,2022,5228870000
Europe,,2023,4993221000
North America,,1785,3664
North America,,1786,3664
North America,,1787,3664
North America,,1788,3664
North America,,1789,3664
North America,,1790,3664
North America,,1791,3664
North America,,1792,3664
North America,,1793,3664
North America,,1794,3664
North America,,1795,3664
North America,,1796,3664
North America,,1797,3664
North America,,1798,3664
North America,,1799,3664
North America,,1800,256479.98
North America,,1801,271136
North America,,1802,293120
North America,,1803,300448
North America,,1804,337088
North America,,1805,344416
North America,,1806,337088
North America,,1807,381056
North America,,1808,395712
North America,,1809,406704
North America,,1810,421360
North America,,1811,450672
North America,,1812,487312
North America,,1813,523952
North America,,1814,564256
North America,,1815,604560
North America,,1816,666848
North America,,1817,721808
North America,,1818,784096
North America,,1819,765776
North America,,1820,795088
North America,,1821,831728
North America,,1822,868368
North America,,1823,905008
North America,,1824,1018592
North America,,1825,1139504
North America,,1826,1319040
North America,,1827,1450944
North America,,1828,1597504
North America,,1829,1799024
North America,,1830,2092144
North America,,1831,2268016
North America,,1832,3026464
North America,,1833,3532096
North America,,1834,3385536
North America,,1835,4319856
North America,,1836,4733888
North America,,1837,5309136
North America,,1838,5034336
North America,,1839,5521648
North America,,1840,5877056
North America,,1841,6217808
North America,,1842,6921296
North America,,1843,7767680
North America,,1844,9310224
North America,,1845,11208176
North America,,1846,12736064
North America,,1847,15103008
North America,,1848,16825088
North America,,1849,18268704
North America,,1850,19851552
North America,,1851,24702688
North America,,1852,26875440
North America,,1853,30264640
North America,,1854,33283774
North America,,1855,38310784
North America,,1856,40608550
North America,,1857,41639350
North America,,1858,42266390
North America,,1859,45960576
North America,,1860,48121740
North America,,1861,46590956
North America,,1862,48634420
North America,,1863,55905530
North America,,1864,60117110
North America,,1865,60449588
North America,,1866,61101436
North America,,1867,75109410
North America,,1868,83908930
North America,,1869,95069656
North America,,1870,100493880
North America,,1871,105424984
North America,,1872,128799670
North America,,1873,141792420
North America,,1874,136606960
North America,,1875,138314050
North America,,1876,135277740
North America,,1877,149839310
North America,,1878,146594990
North America,,1879,178436500
North America,,1880,204602500
North America,,1881,216453820
North America,,1882,242707100
North America,,1883,261999070
North America,,1884,276855460
North America,,1885,281087800
North America,,1886,296933600
North America,,1887,318352420
North America,,1888,388146020
North America,,1889,347951170
North America,,1890,415441280
North America,,1891,443453400
North America,,1892,467054000
North America,,1893,471393120
North America,,1894,441914460
North America,,1895,496060700
North America,,1896,498068160
North America,,1897,518233380
North America,,1898,564549800
North America,,1899,648970900
North America,,1900,687881400
North America,,1901,750660860
North America,,1902,795775100
North America,,1903,929053400
North America,,1904,922370600
North America,,1905,1029765250
North America,,1906,1081351400
North America,,1907,1260098000
North America,,1908,1109414500
North America,,1909,1220449200
North America,,1910,1333235000
North America,,1911,1333266400
North America,,1912,1425440300
North America,,1913,1539202800
North America,,1914,1401847800
North America,,1915,1448297000
North America,,1916,1618122800
North America,,1917,1788365400
North America,,1918,1874419700
North America,,1919,1601085000
North America,,1920,1904930800
North America,,1921,1598197000
North America,,1922,1593887200
North America,,1923,2066110200
North America,,1924,1847926700
North America,,1925,1894640500
North America,,1926,2039605600
North America,,1927,1991507100
North America,,1928,1954095500
North America,,1929,2089554600
North America,,1930,1864992600
North America,,1931,1581821700
North America,,1932,1348415700
North America,,1933,1440842900
North America,,1934,1540829700
North America,,1935,1598686300
North America,,1936,1828468600
North America,,1937,1919474000
North America,,1938,1635000700
North America,,1939,1798916200
North America,,1940,2018418800
North America,,1941,2196926200
North America,,1942,2359614700
North America,,1943,2440362500
North America,,1944,2616900000
North America,,1945,2524446500
North America,,1946,2432982800
North America,,1947,2671360000
North America,,1948,2784729000
North America,,1949,2353018400
North America,,1950,2744908000
North America,,1951,2840859600
North America,,1952,2768363300
North America,,1953,2832025300
North America,,1954,2718287600
North America,,1955,2966306600
North America,,1956,3124132400
North America,,1957,3103311600
North America,,1958,3022798800
North America,,1959,3115081000
North America,,1960,3189241600
North America,,1961,3184442400
North America,,1962,3309487400
North America,,1963,3442645800
North America,,1964,3621593000
North America,,1965,3771814000
North America,,1966,3956438000
North America,,1967,4127059700
North America,,1968,4289614300
North America,,1969,4501617000
North America,,1970,4862468000
North America,,1971,4915923000
North America,,1972,5161898500
North America,,1973,5397118500
North America,,1974,5251302000
North America,,1975,5128300000
North America,,1976,5434773500
North America,,1977,5591318500
North America,,1978,5677352400
North America,,1979,5792685600
North America,,1980,5620345000
North America,,1981,5494563300
North America,,1982,5262526500
North America,,1983,5202269700
North America,,1984,5460077000
North America,,1985,5463630000
North America,,1986,5448310300
North America,,1987,5654344000
North America,,1988,5903791600
North America,,1989,6015954400
North America,,1990,5988813000
North America,,1991,5934663700
North America,,1992,6060854300
North America,,1993,6165800400
North America,,1994,6289066000
North America,,1995,6349006000
North America,,1996,6569387500
North America,,1997,6686240300
North America,,1998,6757986300
North America,,1999,6853051400
North America,,2000,7098336000
North America,,2001,7009264600
North America,,2002,7060732000
North America,,2003,7174326000
North America,,2004,7274384000
North America,,2005,7321313000
North America,,2006,7258981400
North America,,2007,7363736000
North America,,2008,7131514000
North America,,2009,6649442000
North America,,2010,6863159300
North America,,2011,6765769000
North America,,2012,6581796000
North America,,2013,6716956700
North America,,2014,6754753000
North America,,2015,6604084700
North America,,2016,6467170000
North America,,2017,6417920000
North America,,2018,6597806000
North America,,2019,6493359000
North America,,2020,5826628600
North America,,2021,6192752600
North America,,2022,6267443000
North America,,2023,6123549700
Oceania,,1750,0
Oceania,,1751,0
Oceania,,1752,0
Oceania,,1753,0
Oceania,,1754,0
Oceania,,1755,0
Oceania,,1756,0
Oceania,,1757,0
Oceania,,1758,0
Oceania,,1759,0
Oceania,,1760,0
Oceania,,1761,0
Oceania,,1762,0
Oceania,,1763,0
Oceania,,1764,0
Oceania,,1765,0
Oceania,,1766,0
Oceania,,1767,0
Oceania,,1768,0
Oceania,,1769,0
Oceania,,1770,0
Oceania,,1771,0
Oceania,,1772,0
Oceania,,1773,0
Oceania,,1774,0
Oceania,,1775,0
Oceania,,1776,0
Oceania,,1777,0
Oceania,,1778,0
Oceania,,1779,0
Oceania,,1780,0
Oceania,,1781,0
Oceania,,1782,0
Oceania,,1783,0
Oceania,,1784,0
Oceania,,1785,0
Oceania,,1786,0
Oceania,,1787,0
Oceania,,1788,0
Oceania,,1789,0
Oceania,,1790,0
Oceania,,1791,0
Oceania,,1792,0
Oceania,,1793,0
Oceania,,1794,0
Oceania,,1795,0
Oceania,,1796,0
Oceania,,1797,0
Oceania,,1798,0
Oceania,,1799,0
Oceania,,1800,0
Oceania,,1801,0
Oceania,,1802,0
Oceania,,1803,0
Oceania,,1804,0
Oceania,,1805,236
Oceania,,1806,661
Oceania,,1807,629
Oceania,,1808,787
Oceania,,1809,1259
Oceania,,1810,1259
Oceania,,1811,2203
Oceania,,1812,2203
Oceania,,1813,2832
Oceania,,1814,3451
Oceania,,1815,2753
Oceania,,1816,2281
Oceania,,1817,2045
Oceania,,1818,1888
Oceania,,1819,3540
Oceania,,1820,6160
Oceania,,1821,3147
Oceania,,1822,3934.0002
Oceania,,1823,4720
Oceania,,1824,4720
Oceania,,1825,2870
Oceania,,1826,6360
Oceania,,1827,5902
Oceania,,1828,3786
Oceania,,1829,6031
Oceania,,1830,5748
Oceania,,1831,1421
Oceania,,1832,11239
Oceania,,1833,10718
Oceania,,1834,13358
Oceania,,1835,19498
Oceania,,1836,19897
Oceania,,1837,25305
Oceania,,1838,27094
Oceania,,1839,33487
Oceania,,1840,47605
Oceania,,1841,54819
Oceania,,1842,62779
Oceania,,1843,40692
Oceania,,1844,36374
Oceania,,1845,35125
Oceania,,1846,61308
Oceania,,1847,64088
Oceania,,1848,71507
Oceania,,1849,76336
Oceania,,1850,112052
Oceania,,1851,106379
Oceania,,1852,106055
Oceania,,1853,152321
Oceania,,1854,183526
Oceania,,1855,215678
Oceania,,1856,298886
Oceania,,1857,331100
Oceania,,1858,340483
Oceania,,1859,484948
Oceania,,1860,599769
Oceania,,1861,560575
Oceania,,1862,787635
Oceania,,1863,720450
Oceania,,1864,903160
Oceania,,1865,973508
Oceania,,1866,1280060
Oceania,,1867,1239852
Oceania,,1868,1532259
Oceania,,1869,1464684
Oceania,,1870,1402391
Oceania,,1871,1440910
Oceania,,1872,1636610
Oceania,,1873,1930549
Oceania,,1874,2125629
Oceania,,1875,2142736
Oceania,,1876,2158161
Oceania,,1877,2372097
Oceania,,1878,2917052
Oceania,,1879,3083507
Oceania,,1880,3073339
Oceania,,1881,3641577
Oceania,,1882,4277829
Oceania,,1883,5073743
Oceania,,1884,5590824
Oceania,,1885,5999834
Oceania,,1886,6009109
Oceania,,1887,6261250
Oceania,,1888,6972248
Oceania,,1889,7562008
Oceania,,1890,6872483
Oceania,,1891,8375925
Oceania,,1892,7961785
Oceania,,1893,7315646
Oceania,,1894,8130214
Oceania,,1895,8373957
Oceania,,1896,8936921
Oceania,,1897,9782685
Oceania,,1898,10536444
Oceania,,1899,10873019
Oceania,,1900,12607824
Oceania,,1901,14179680
Oceania,,1902,14436160
Oceania,,1903,14393768
Oceania,,1904,14977158
Oceania,,1905,15591857
Oceania,,1906,18219918
Oceania,,1907,19572344
Oceania,,1908,20943384
Oceania,,1909,18845024
Oceania,,1910,22609452
Oceania,,1911,24136106
Oceania,,1912,26073290
Oceania,,1913,27014900
Oceania,,1914,30004424
Oceania,,1915,27201164
Oceania,,1916,24891626
Oceania,,1917,25951116
Oceania,,1918,27907988
Oceania,,1919,26314662
Oceania,,1920,29863852
Oceania,,1921,27284434
Oceania,,1922,28483052
Oceania,,1923,29520592
Oceania,,1924,32180746
Oceania,,1925,33720956
Oceania,,1926,33859450
Oceania,,1927,35764830
Oceania,,1928,33733316
Oceania,,1929,31800364
Oceania,,1930,30764512
Oceania,,1931,26789996
Oceania,,1932,26589732
Oceania,,1933,28327570
Oceania,,1934,30191492
Oceania,,1935,33108736
Oceania,,1936,35690024
Oceania,,1937,38137220
Oceania,,1938,37942420
Oceania,,1939,42445464
Oceania,,1940,40105132
Oceania,,1941,44335188
Oceania,,1942,47122844
Oceania,,1943,46564212
Oceania,,1944,46496400
Oceania,,1945,44779228
Oceania,,1946,48271880
Oceania,,1947,50227836
Oceania,,1948,52515016
Oceania,,1949,53672830
Oceania,,1950,64713932
Oceania,,1951,69779190
Oceania,,1952,72499576
Oceania,,1953,72268020
Oceania,,1954,77804776
Oceania,,1955,82445600
Oceania,,1956,86729070
Oceania,,1957,87260540
Oceania,,1958,89274136
Oceania,,1959,94416940
Oceania,,1960,100298744
Oceania,,1961,100182616
Oceania,,1962,103294030
Oceania,,1963,109549700
Oceania,,1964,118717740
Oceania,,1965,129477440
Oceania,,1966,132279140
Oceania,,1967,138611220
Oceania,,1968,145432300
Oceania,,1969,153718830
Oceania,,1970,166214060
Oceania,,1971,170642140
Oceania,,1972,174019410
Oceania,,1973,193619740
Oceania,,1974,190731230
Oceania,,1975,196819650
Oceania,,1976,194205660
Oceania,,1977,207571890
Oceania,,1978,213846820
Oceania,,1979,213960100
Oceania,,1980,227388100
Oceania,,1981,235791570
Oceania,,1982,241295580
Oceania,,1983,230603340
Oceania,,1984,241779620
Oceania,,1985,251881950
Oceania,,1986,252363400
Oceania,,1987,264348260
Oceania,,1988,271776800
Oceania,,1989,287940100
Oceania,,1990,309497760
Oceania,,1991,311622940
Oceania,,1992,318661220
Oceania,,1993,322915330
Oceania,,1994,328044930
Oceania,,1995,339531300
Oceania,,1996,348034700
Oceania,,1997,358496830
Oceania,,1998,371793120
Oceania,,1999,382561340
Oceania,,2000,390079870
Oceania,,2001,400357540
Oceania,,2002,405958000
Oceania,,2003,415715000
Oceania,,2004,429568640
Oceania,,2005,434553100
Oceania,,2006,440741250
Oceania,,2007,448667040
Oceania,,2008,453681630
Oceania,,2009,452965020
Oceania,,2010,451682000
Oceania,,2011,450399680
Oceania,,2012,453473280
Oceania,,2013,446240540
Oceania,,2014,442859330
Oceania,,2015,452078900
Oceania,,2016,460608160
Oceania,,2017,465369760
Oceania,,2018,468624000
Oceania,,2019,470051360
Oceania,,2020,449667040
Oceania,,2021,439661570
Oceania,,2022,433028500
Oceania,,2023,430302660
South America,,1844,24171
South America,,1845,36046
South America,,1846,45661
South America,,1847,55846
South America,,1848,63594
South America,,1849,116034
South America,,1850,94126
South America,,1851,110448
South America,,1852,180875
South America,,1853,116529
South America,,1854,5389
South America,,1855,150900
South America,,1856,556694
South America,,1857,880976
South America,,1858,962943
South America,,1859,758669
South America,,1860,1033002
South America,,1861,950494
South America,,1862,877144
South America,,1863,962480
South America,,1864,1182042
South America,,1865,1383061
South America,,1866,1886320
South America,,1867,2003559
South America,,1868,2330022
South America,,1869,2088179
South America,,1870,2135154
South America,,1871,2261620
South America,,1872,3012619
South America,,1873,3308867
South America,,1874,3742494
South America,,1875,3243613
South America,,1876,3202210
South America,,1877,2987233
South America,,1878,2919186
South America,,1879,3020111
South America,,1880,3453197
South America,,1881,3751238
South America,,1882,3832123
South America,,1883,4075048
South America,,1884,4632899
South America,,1885,4829543
South America,,1886,4530320
South America,,1887,5250247
South America,,1888,6387091
South America,,1889,7538223
South America,,1890,6329836
South America,,1891,6584004
South America,,1892,6727751
South America,,1893,6725705
South America,,1894,8401482
South America,,1895,8548265
South America,,1896,9217044
South America,,1897,8561701
South America,,1898,9186857
South America,,1899,9629430
South America,,1900,8932587
South America,,1901,9644027
South America,,1902,10289648
South America,,1903,10492844
South America,,1904,10929525
South America,,1905,12766501
South America,,1906,15509021
South America,,1907,17710128
South America,,1908,18709604
South America,,1909,18441104
South America,,1910,20672666
South America,,1911,23954296
South America,,1912,24730868
South America,,1913,25967704
South America,,1914,21570992
South America,,1915,15675078
South America,,1916,14646844
South America,,1917,13086434
South America,,1918,11650200
South America,,1919,13630743
South America,,1920,16127816
South America,,1921,15376955
South America,,1922,17538402
South America,,1923,19904310
South America,,1924,24937520
South America,,1925,26465472
South America,,1926,27506204
South America,,1927,30158940
South America,,1928,31606908
South America,,1929,34773396
South America,,1930,29601944
South America,,1931,27014918
South America,,1932,30424378
South America,,1933,34371650
South America,,1934,38439308
South America,,1935,41464588
South America,,1936,40896870
South America,,1937,51129504
South America,,1938,47639420
South America,,1939,46572064
South America,,1940,50912532
South America,,1941,51506230
South America,,1942,48387430
South America,,1943,49034136
South America,,1944,54083316
South America,,1945,54755708
South America,,1946,57635230
South America,,1947,62898948
South America,,1948,70073040
South America,,1949,71232510
South America,,1950,113413520
South America,,1951,131276936
South America,,1952,141465000
South America,,1953,140632350
South America,,1954,151041460
South America,,1955,170065740
South America,,1956,184167710
South America,,1957,192903300
South America,,1958,178736500
South America,,1959,196974220
South America,,1960,199140540
South America,,1961,201756400
South America,,1962,215629970
South America,,1963,219379200
South America,,1964,230147580
South America,,1965,240092670
South America,,1966,251989390
South America,,1967,267328100
South America,,1968,287605000
South America,,1969,311235260
South America,,1970,337826140
South America,,1971,346539170
South America,,1972,362556700
South America,,1973,392667400
South America,,1974,416530270
South America,,1975,411657630
South America,,1976,419328960
South America,,1977,434808350
South America,,1978,462110140
South America,,1979,494336160
South America,,1980,508353860
South America,,1981,489719070
South America,,1982,490869630
South America,,1983,485836380
South America,,1984,491463070
South America,,1985,501802700
South America,,1986,529758620
South America,,1987,557251900
South America,,1988,580266800
South America,,1989,579758200
South America,,1990,598211000
South America,,1991,605972700
South America,,1992,618012400
South America,,1993,652645700
South America,,1994,655496600
South America,,1995,689449860
South America,,1996,719744800
South America,,1997,766816900
South America,,1998,791003650
South America,,1999,812984400
South America,,2000,812433540
South America,,2001,792002600
South America,,2002,819945500
South America,,2003,820535700
South America,,2004,856858900
South America,,2005,881497200
South America,,2006,909106400
South America,,2007,943890700
South America,,2008,987698940
South America,,2009,961250200
South America,,2010,1072222700
South America,,2011,1089016300
South America,,2012,1143936600
South America,,2013,1208385700
South America,,2014,1224245800
South America,,2015,1195139100
South America,,2016,1146173800
South America,,2017,1130036400
South America,,2018,1077709600
South America,,2019,1084625800
South America,,2020,979441100
South America,,2021,1079731200
South America,,2022,1096152800
South America,,2023,1108965000
World,OWID_WRL,1750,9305937
World,OWID_WRL,1751,9407229
World,OWID_WRL,1752,9505168
World,OWID_WRL,1753,9610490
World,OWID_WRL,1754,9733580
World,OWID_WRL,1755,9793468
World,OWID_WRL,1756,9909914
World,OWID_WRL,1757,10093936
World,OWID_WRL,1758,10216358
World,OWID_WRL,1759,10338854
World,OWID_WRL,1760,10514331
World,OWID_WRL,1761,10747885
World,OWID_WRL,1762,10952198
World,OWID_WRL,1763,11191592
World,OWID_WRL,1764,11396982
World,OWID_WRL,1765,11643486
World,OWID_WRL,1766,11876080
World,OWID_WRL,1767,12152509
World,OWID_WRL,1768,12466936
World,OWID_WRL,1769,12780074
World,OWID_WRL,1770,13097216
World,OWID_WRL,1771,13369488
World,OWID_WRL,1772,13623507
World,OWID_WRL,1773,13808138
World,OWID_WRL,1774,14012415
World,OWID_WRL,1775,14338920
World,OWID_WRL,1776,14654124
World,OWID_WRL,1777,14959537
World,OWID_WRL,1778,15243483
World,OWID_WRL,1779,15535235
World,OWID_WRL,1780,15878726
World,OWID_WRL,1781,16234383
World,OWID_WRL,1782,16580954
World,OWID_WRL,1783,17062752
World,OWID_WRL,1784,17471092
World,OWID_WRL,1785,17965128
World,OWID_WRL,1786,18447496
World,OWID_WRL,1787,18859130
World,OWID_WRL,1788,19286228
World,OWID_WRL,1789,19863424
World,OWID_WRL,1790,20398094
World,OWID_WRL,1791,20931750
World,OWID_WRL,1792,21929214
World,OWID_WRL,1793,22297260
World,OWID_WRL,1794,22519656
World,OWID_WRL,1795,22315246
World,OWID_WRL,1796,22121374
World,OWID_WRL,1797,22090078
World,OWID_WRL,1798,23105928
World,OWID_WRL,1799,27485206
World,OWID_WRL,1800,32798352
World,OWID_WRL,1801,31986050
World,OWID_WRL,1802,40310476
World,OWID_WRL,1803,29538506
World,OWID_WRL,1804,31769176
World,OWID_WRL,1805,31251818
World,OWID_WRL,1806,32704620
World,OWID_WRL,1807,36200652
World,OWID_WRL,1808,35497788
World,OWID_WRL,1809,36333812
World,OWID_WRL,1810,39492310
World,OWID_WRL,1811,40176680
World,OWID_WRL,1812,40814520
World,OWID_WRL,1813,41206140
World,OWID_WRL,1814,42226650
World,OWID_WRL,1815,43587264
World,OWID_WRL,1816,45496580
World,OWID_WRL,1817,49275920
World,OWID_WRL,1818,51392010
World,OWID_WRL,1819,50930170
World,OWID_WRL,1820,50733076
World,OWID_WRL,1821,52059348
World,OWID_WRL,1822,54021710
World,OWID_WRL,1823,56357760
World,OWID_WRL,1824,57583636
World,OWID_WRL,1825,60730864
World,OWID_WRL,1826,61382130
World,OWID_WRL,1827,65738572
World,OWID_WRL,1828,66681790
World,OWID_WRL,1829,66307412
World,OWID_WRL,1830,88988500
World,OWID_WRL,1831,83250904
World,OWID_WRL,1832,82091750
World,OWID_WRL,1833,83248940
World,OWID_WRL,1834,88763100
World,OWID_WRL,1835,97399600
World,OWID_WRL,1836,106894500
World,OWID_WRL,1837,106199420
World,OWID_WRL,1838,105845260
World,OWID_WRL,1839,109653030
World,OWID_WRL,1840,118808510
World,OWID_WRL,1841,122165550
World,OWID_WRL,1842,129388790
World,OWID_WRL,1843,132369384
World,OWID_WRL,1844,141966450
World,OWID_WRL,1845,155073400
World,OWID_WRL,1846,157701780
World,OWID_WRL,1847,170796750
World,OWID_WRL,1848,173643470
World,OWID_WRL,1849,185048030
World,OWID_WRL,1850,196847600
World,OWID_WRL,1851,198778540
World,OWID_WRL,1852,207595090
World,OWID_WRL,1853,217236980
World,OWID_WRL,1854,255038560
World,OWID_WRL,1855,260259860
World,OWID_WRL,1856,278245630
World,OWID_WRL,1857,281181060
World,OWID_WRL,1858,285548400
World,OWID_WRL,1859,302572160
World,OWID_WRL,1860,332298460
World,OWID_WRL,1861,349190180
World,OWID_WRL,1862,355991100
World,OWID_WRL,1863,379534880
World,OWID_WRL,1864,409525400
World,OWID_WRL,1865,434851330
World,OWID_WRL,1866,449067000
World,OWID_WRL,1867,480813900
World,OWID_WRL,1868,494493540
World,OWID_WRL,1869,524731070
World,OWID_WRL,1870,536123300
World,OWID_WRL,1871,569776640
World,OWID_WRL,1872,630961500
World,OWID_WRL,1873,670467200
World,OWID_WRL,1874,628662200
World,OWID_WRL,1875,681048000
World,OWID_WRL,1876,690582500
World,OWID_WRL,1877,704032830
World,OWID_WRL,1878,709649540
World,OWID_WRL,1879,759794370
World,OWID_WRL,1880,858055700
World,OWID_WRL,1881,887965000
World,OWID_WRL,1882,937888260
World,OWID_WRL,1883,997514560
World,OWID_WRL,1884,1009429800
World,OWID_WRL,1885,1017144500
World,OWID_WRL,1886,1032613600
World,OWID_WRL,1887,1083727500
World,OWID_WRL,1888,1200801700
World,OWID_WRL,1889,1201516300
World,OWID_WRL,1890,1306591200
World,OWID_WRL,1891,1368915700
World,OWID_WRL,1892,1379808900
World,OWID_WRL,1893,1362515100
World,OWID_WRL,1894,1411532900
World,OWID_WRL,1895,1495238900
World,OWID_WRL,1896,1544660900
World,OWID_WRL,1897,1617492700
World,OWID_WRL,1898,1705961000
World,OWID_WRL,1899,1863135400
World,OWID_WRL,1900,1961490700
World,OWID_WRL,1901,2023963900
World,OWID_WRL,1902,2074800300
World,OWID_WRL,1903,2262046200
World,OWID_WRL,1904,2287509200
World,OWID_WRL,1905,2437062000
World,OWID_WRL,1906,2544486000
World,OWID_WRL,1907,2900324600
World,OWID_WRL,1908,2785686800
World,OWID_WRL,1909,2901167400
World,OWID_WRL,1910,3043326000
World,OWID_WRL,1911,3090098200
World,OWID_WRL,1912,3246477000
World,OWID_WRL,1913,3516533000
World,OWID_WRL,1914,3189786400
World,OWID_WRL,1915,3140276700
World,OWID_WRL,1916,3391973000
World,OWID_WRL,1917,3548138500
World,OWID_WRL,1918,3499686400
World,OWID_WRL,1919,3033839400
World,OWID_WRL,1920,3537837000
World,OWID_WRL,1921,3106184200
World,OWID_WRL,1922,3254462700
World,OWID_WRL,1923,3690697700
World,OWID_WRL,1924,3702777000
World,OWID_WRL,1925,3740633600
World,OWID_WRL,1926,3677407500
World,OWID_WRL,1927,4012947200
World,OWID_WRL,1928,3996311800
World,OWID_WRL,1929,4288211500
World,OWID_WRL,1930,3958096000
World,OWID_WRL,1931,3539320300
World,OWID_WRL,1932,3192591600
World,OWID_WRL,1933,3362683400
World,OWID_WRL,1934,3656187100
World,OWID_WRL,1935,3835742500
World,OWID_WRL,1936,4207930600
World,OWID_WRL,1937,4496715300
World,OWID_WRL,1938,4229619200
World,OWID_WRL,1939,4470135000
World,OWID_WRL,1940,4884664000
World,OWID_WRL,1941,4999092700
World,OWID_WRL,1942,4982524000
World,OWID_WRL,1943,5075273000
World,OWID_WRL,1944,5162486300
World,OWID_WRL,1945,4289312500
World,OWID_WRL,1946,4608547000
World,OWID_WRL,1947,5165205500
World,OWID_WRL,1948,5447885000
World,OWID_WRL,1949,5204035000
World,OWID_WRL,1950,5930243600
World,OWID_WRL,1951,6381428700
World,OWID_WRL,1952,6467460600
World,OWID_WRL,1953,6650885000
World,OWID_WRL,1954,6789529000
World,OWID_WRL,1955,7443896000
World,OWID_WRL,1956,7926013000
World,OWID_WRL,1957,8185645000
World,OWID_WRL,1958,8417187300
World,OWID_WRL,1959,8854690000
World,OWID_WRL,1960,9387011000
World,OWID_WRL,1961,9415042000
World,OWID_WRL,1962,9747287000
World,OWID_WRL,1963,10266772000
World,OWID_WRL,1964,10824465000
World,OWID_WRL,1965,11310600000
World,OWID_WRL,1966,11862647000
World,OWID_WRL,1967,12237369000
World,OWID_WRL,1968,12905284000
World,OWID_WRL,1969,13761785000
World,OWID_WRL,1970,14899124000
World,OWID_WRL,1971,15503855000
World,OWID_WRL,1972,16224597000
World,OWID_WRL,1973,17085094000
World,OWID_WRL,1974,17011072000
World,OWID_WRL,1975,17052752000
World,OWID_WRL,1976,17989112000
World,OWID_WRL,1977,18498636000
World,OWID_WRL,1978,19069290000
World,OWID_WRL,1979,19609020000
World,OWID_WRL,1980,19488524000
World,OWID_WRL,1981,19022903000
World,OWID_WRL,1982,18871097000
World,OWID_WRL,1983,18991910000
World,OWID_WRL,1984,19647801000
World,OWID_WRL,1985,20311902000
World,OWID_WRL,1986,20614963000
World,OWID_WRL,1987,21250075000
World,OWID_WRL,1988,22085130000
World,OWID_WRL,1989,22386637000
World,OWID_WRL,1990,22728989000
World,OWID_WRL,1991,23186102000
World,OWID_WRL,1992,22528172000
World,OWID_WRL,1993,22755787000
World,OWID_WRL,1994,22992947000
World,OWID_WRL,1995,23532083000
World,OWID_WRL,1996,24258169000
World,OWID_WRL,1997,24401906000
World,OWID_WRL,1998,24303778000
World,OWID_WRL,1999,24853730000
World,OWID_WRL,2000,25510554000
World,OWID_WRL,2001,25706293000
World,OWID_WRL,2002,26276870000
World,OWID_WRL,2003,27669490000
World,OWID_WRL,2004,28632506000
World,OWID_WRL,2005,29614395000
World,OWID_WRL,2006,30628397000
World,OWID_WRL,2007,31534645000
World,OWID_WRL,2008,32074200000
World,OWID_WRL,2009,31541922000
World,OWID_WRL,2010,33355903000
World,OWID_WRL,2011,34504540000
World,OWID_WRL,2012,35000020000
World,OWID_WRL,2013,35301655000
World,OWID_WRL,2014,35450094000
World,OWID_WRL,2015,35404900000
World,OWID_WRL,2016,35416658000
World,OWID_WRL,2017,35989897000
World,OWID_WRL,2018,36730425000
World,OWID_WRL,2019,37104275000
World,OWID_WRL,2020,35126526000
World,OWID_WRL,2021,36991734000
World,OWID_WRL,2022,37293834000
World,OWID_WRL,2023,37791570000